MP Name ,% Votes at which MP was absent in ,MP Name,Total Expenses for Jan Feb 2011 minus travel expenses
Adam_Afriyie,17.3,,
Adam_Holloway,36.5,Adam Holloway,2250.7
Adrian_Bailey,23.1,Adrian Bailey,4992.99
Adrian_Sanders,15.4,Adrian Sanders,5811.15
Aidan_Burley,7.7,Aidan Burley,8346.88
Alan_Beith,7.7,Alan Beith,9756.74
Alan_Campbell,17.3,Alan Campbell,9088.82
Alan_Duncan,19.2,Alan Duncan,7625.49
Alan_Haselhurst,23.1,Alan Haselhurst,4983.82
Alan_Johnson,63.5,Alan Johnson,5553.53
Alan_Keen,78.8,Alan Keen,1969.22
Alan_Meale,51.9,Alan Meale,10503.13
Alan_Reid,7.7,Alan Reid,12016.2
Alan_Whitehead,28.8,Alan Whitehead,6854.58
Alasdair_McDonnell,55.8,Alasdair McDonnell,4734.05
Albert_Owen,21.2,Albert Owen,4232.63
Alec_Shelbrooke,13.5,Alec Shelbrooke,10511.55
Alex_Cunningham,25,Alex Cunningham,5775.11
Alison_McGovern,28.8,Alison McGovern,4331.07
Alison_Seabeck,28.8,Alison Seabeck,6354.68
Alistair_Burt,46.2,Alistair Burt,2624.02
Alistair_Carmichael,19.2,Alistair Carmichael,24241.92
Alistair_Darling,38.5,Alistair Darling,6346.41
Alok_Sharma,3.8,Alok Sharma,2572.1
Alun_Cairns,5.8,Alun Cairns,11134.96
Alun_Michael,40.4,Alun Michael,8480.31
Amber_Rudd,23.1,Amber Rudd,4856.07000000001
Anas_Sarwar,26.9,Anas Sarwar,23386.81
Andrea_Leadsom,15.4,,
Andrew_Bingham,3.8,Andrew Bingham,7247.66
Andrew_Bridgen,7.7,Andrew Bridgen,11236.27
Andrew_George,15.4,Andrew George,13230.29
Andrew_Griffiths,5.8,Andrew Griffiths,5102.41
Andrew_Gwynne,38.5,Andrew Gwynne,10762.64
Andrew_Jones,7.7,Andrew Jones,3754.39
Andrew_Lansley,15.4,Andrew Lansley,1336.3
Andrew_Love,55.8,,
Andrew_Miller,30.8,Andrew Miller,11057.49
Andrew_Mitchell,42.3,Andrew Mitchell,8172.09
Andrew_Murrison,5.8,Andrew Murrison,4063.34
Andrew_Percy,11.5,Andrew Percy,3071.06
Andrew_Robathan,11.5,Andrew Robathan,3196.67
Andrew_Rosindell,44.2,Andrew Rosindell,5953.5
Andrew_Selous,9.6,Andrew Selous,5155.1
Andrew_Smith,40.4,Andrew Smith,1980.9
Andrew_Stephenson,42.3,Andrew Stephenson,6590.04
Andrew_Stunell,17.3,,
Andrew_Turner,11.5,Andrew Turner,19264.23
Andrew_Tyrie,30.8,,
Andy_Burnham,40.4,Andy Burnham,8645.33
Andy_Slaughter,25,Andy Slaughter,2112.55
Angela_Eagle,25,Angela Eagle,5509.53
Angela_Smith,25,Angela Smith,7294.42
Angela_Watkinson,9.6,Angela Watkinson,2855.8
Angie_Bray,11.5,Angie Bray,636.48
Angus_MacNeil,30.8,Angus MacNeil,19506.46
Angus_Robertson,51.9,Angus Robertson,3900
Ann_Clwyd,50,Ann Clwyd,5893.52
Ann_Coffey,36.5,Ann Coffey,6800.71
Ann_McKechin,23.1,Ann McKechin,14232.82
Anna_Soubry,23.1,Anna Soubry,4163.55
Anne_Begg,38.5,Anne Begg,18509.05
Anne_Main,15.4,Anne Main,8394.83
Anne_McGuire,26.9,Anne McGuire,11623.8
Anne_McIntosh,13.5,Anne McIntosh,6548.3
Anne_Milton,21.2,Anne Milton,621.54
Anne-Marie_Morris,5.8,Anne Morris,10674.15
Annette_Brooke,11.5,Annette Brooke,7542.43999999999
Austin_Mitchell,51.9,Austin Mitchell,8779.29
Barbara_Keeley,28.8,Barbara Keeley,7801.61999999999
Barry_Gardiner,34.6,Barry Gardiner,2710.3
Barry_Sheerman,26.9,Barry Sheerman,4116.86
Ben_Bradshaw,36.5,Ben Bradshaw,6919.55
Ben_Gummer,21.2,Ben Gummer,13474.36
Ben_Wallace,9.6,Ben Wallace,5247.42
Bernard_Jenkin,15.4,Bernard Jenkin,5220.61
Bill_Esterson,65.4,Bill Esterson,8354.79
Bill_Wiggin,15.4,,
Bob_Ainsworth,53.8,Bob Ainsworth,9655.66
Bob_Blackman,5.8,Bob Blackman,4877.8
Bob_Neill,9.6,Bob Neill,1436
Bob_Russell,15.4,Bob Russell,4565.2
Bob_Stewart,25,Bob Stewart,373.78
Brandon_Lewis,7.7,Brandon Lewis,9322.67
Brian_Binley,21.2,Brian Binley,4948.96
Brian_H_Donohoe,34.6,Brian Donohoe,17409.79
Bridget_Phillipson,32.7,Bridget Phillipson,9390.62
Brooks_Newmark,17.3,Brooks Newmark,5463.45
Caroline_Dinenage,15.4,Caroline Dinenage,4365.63
Caroline_Flint,32.7,Caroline Flint,2163.9
Caroline_Lucas,25,Caroline Lucas,10617.3
Caroline_Nokes,9.6,Caroline Nokes,4205.23
Caroline_Spelman,15.4,Caroline Spelman,4265.44
Catherine_McKinnell,36.5,Catherine McKinnell,9945.66
Cathy_Jamieson,36.5,Cathy Jamieson,8164.65
Charles_Hendry,11.5,Charles Hendry,7279.64
Charles_Kennedy,48.1,Charles Kennedy,10575.47
Charles_Walker,17.3,Charles Walker,1110.65
Charlie_Elphicke,5.8,Charlie Elphicke,6921.01
Charlotte_Leslie,11.5,Charlotte Leslie,4387.01
Cheryl_Gillan,26.9,Cheryl Gillan,1894.22
Chi_Onwurah,23.1,Chinyelu Onwurah,7761.56
Chloe_Smith,5.8,Chloe Smith,7224.63
Chris_Bryant,23.1,Chris Bryant,9423.41
Chris_Evans,28.8,Chris Evans,6807.97
Chris_Grayling,26.9,Chris Grayling,266.28
Chris_Heaton-Harris,11.5,Chris Heaton-Harris,6909.85
Chris_Kelly,13.5,Chris Kelly,1007.48
Chris_Ruane,28.8,Chris Ruane,10848.16
Chris_Skidmore,7.7,Chris Skidmore,4902.2
Chris_White,3.8,Chris White,10589.95
Chris_Williamson,26.9,Chris Williamson,18011.22
Christopher_Chope,26.9,Christopher Chope,6609.69
Christopher_Huhne,21.2,Chris Huhne,381.49
Christopher_Leslie,19.2,Christopher Leslie,6046.32
Christopher_Pincher,3.8,Chris Pincher,1386.8
Chuka_Umunna,42.3,Chuka Umunna,7736.37
Claire_Perry,15.4,Claire Perry,6391.18
Clive_Betts,19.2,Clive Betts,11253.73
Clive_Efford,28.8,Clive Efford,120
Conor_Burns,19.2,Conor Burns,11381.72
Conor_Murphy,100,,
Craig_Whittaker,38.5,Craig Whittaker,6370.51
Crispin_Blunt,9.6,Crispin Blunt,3642.93
Dai_Havard,55.8,Dai Havard,8687.71
Damian_Collins,3.8,Damian Collins,9494.19
Damian_Green,7.7,Damian Green,5688.89
Damian_Hinds,1.9,Damian Hinds,4830.5
Dan_Byles,1.9,,
Dan_Rogerson,11.5,Dan Rogerson,8093.66
Daniel_Kawczynski,7.7,Daniel Kawczynski,7166.69
Daniel_Poulter,21.2,Daniel Poulter,6604.49
Danny_Alexander,40.4,Danny Alexander,14261.3
Dave_Watts,59.6,Dave Watts,4355.27
David_Amess,26.9,David Amess,4052.02
David_Anderson,25,David Anderson,2091.72
David_Blunkett,38.5,David Blunkett,4984.47
David_Cameron,75,David Cameron,404.89
David_Crausby,25,David Crausby,9235.31
David_Davies,32.7,David Davies,8223.72
David_Davis,28.8,David Davis,12898.87
David_Evennett,7.7,David Evennett,1928.58
David_Gauke,11.5,David Gauke,2494.09
David_Hamilton,32.7,David Hamilton,11133.91
David_Hanson,21.2,David Hanson,8797.52
David_Heath,3.8,David Heath,6764.89
David_Heyes,48.1,David Heyes,9027.62
David_Jones,7.7,David Jones,6209.71
David_Lammy,38.5,David Lammy,2628.86
David_Laws,17.3,David Laws,4957.9
David_Lidington,19.2,David Lidington,2804.11
David_Miliband,42.3,David Miliband,5207.52
David_Morris,28.8,David Morris,8352.68
David_Mowat,7.7,David Mowat,3523.67
David_Mundell,23.1,David Mundell,13682.56
David_Nuttall,1.9,David Nuttall,8789.74
David_Ruffley,40.4,David Ruffley,6843.39
David_Rutley,5.8,David Rutley,12442.47
David_Simpson,42.3,David Simpson,3864.51
David_Tredinnick,17.3,David Tredinnick,6344.65
David_Ward,9.6,David Ward,6347.77
David_Willetts,25,David Willetts,3877.36
David_Winnick,23.1,David Winnick,3956.16
David_Wright,28.8,David Wright,5912.41
Dawn_Primarolo,100,Dawn Primarolo,7364.76
Debbie_Abrahams,25,,
Denis_MacShane,38.5,Denis MacShane,5757.72
Dennis_Skinner,3.8,Dennis Skinner,1625.5
Derek_Twigg,40.4,Derek Twigg,6919.6
Desmond_Swayne,26.9,Desmond Swayne,1507.28
Diana_Johnson,25,Diana Johnson,6268.23
Diane_Abbott,25,Diane Abbott,2293.71
Dominic_Grieve,19.2,Dominic Grieve,1568.21
Dominic_Raab,42.3,Dominic Raab,822.92
Don_Foster,13.5,Don Foster,8087.82
Douglas_Alexander,51.9,Douglas Alexander,7038.52
Douglas_Carswell,23.1,Douglas Carswell,5381.79
Duncan_Hames,3.8,Duncan Hames,8458.73
Edward_Balls,26.9,Ed Balls,8412.59
Edward_Davey,30.8,Edward Davey,6866.75
Edward_Garnier,13.5,Edward Garnier,2881.52
Edward_Leigh,57.7,Edward Leigh,652
Edward_Miliband,65.4,Edward Miliband,1303.68
Edward_Timpson,17.3,Edward Timpson,5460.76
Edward_Vaizey,23.1,Edward Vaizey,1851.42
Eilidh_Whiteford,36.5,Eilidh Whiteford,10460.08
Eleanor_Laing,13.5,Eleanor Laing,4243.88
Elfyn_Llwyd,15.4,Elfyn Llwyd,9866.14
Elizabeth_Truss,7.7,Elizabeth Truss,3364.4
Emily_Thornberry,40.4,Emily Thornberry,8023.74
Emma_Reynolds,28.8,Emma Reynolds,6081.41
Eric_Joyce,55.8,Eric Joyce,8076.56
Eric_Ollerenshaw,9.6,Eric Ollerenshaw,885.22
Eric_Pickles,23.1,,
Esther_McVey,5.8,Esther McVey,8472.8
Fabian_Hamilton,73.1,Fabian Hamilton,5703.97
Fiona_Bruce,3.8,Fiona Bruce,6220.91
Fiona_Mactaggart,38.5,Fiona Mactaggart,4397.46
Fiona_O%26%2339%3BDonnell,32.7,Fiona O'Donnell,15845.52
Francis_Maude,38.5,Francis Maude,8580.36
Frank_Dobson,36.5,Frank Dobson,959.63
Frank_Doran,28.8,Frank Doran,21196.16
Frank_Field,34.6,Frank Field,1941.66
Frank_Roy,51.9,Frank Roy,12084.41
Gareth_Johnson,5.8,Gareth Johnson,4939.82
Gareth_Thomas,25,Gareth Thomas,3891.1
Gary_Streeter,25,Gary Streeter,13719.09
Gavin_Barwell,15.4,Gavin Barwell,7367.2
Gavin_Shuker,30.8,Gavin Shuker,1555
Gavin_Williamson,3.8,Gavin Williamson,4080.89
Gemma_Doyle,23.1,Gemma Doyle,3192.4
Geoffrey_Clifton-Brown,11.5,Geoffrey Clifton-Brown,1784.43
Geoffrey_Cox,11.5,Geoffrey Cox,6207.02
Geoffrey_Robinson,25,Geoffrey Robinson,3824.35
George_Eustice,11.5,George Eustice,3470.79
George_Freeman,11.5,George Freeman,3639.81
George_Hollingbery,7.7,George Hollingbery,358.44
George_Howarth,34.6,George Howarth,10097.85
George_Mudie,53.8,George Mudie,3352.3
George_Osborne,61.5,George Osborne,1828.05
George_Young,7.7,George Young,3986.93
Geraint_Davies,51.9,Geraint Davies,3690.74
Gerald_Howarth,32.7,Gerald Howarth,3979.44
Gerald_Kaufman,40.4,Gerald Kaufman,4866.34
Gerry_Sutcliffe,34.6,Gerry Sutcliffe,10582.72
Gisela_Stuart,44.2,Gisela Stuart,4610.37
Glenda_Jackson,32.7,Glenda Jackson,4396.67
Gloria_De_Piero,28.8,Gloria De Piero,8273.03
Glyn_Davies,7.7,Glyn Davies,9703.64
Gordon_Banks,23.1,Gordon Banks,16107.72
Gordon_Birtwistle,13.5,Gordon Birtwistle,9753.74
Gordon_Brown,67.3,Gordon Brown,8930.44
Gordon_Henderson,9.6,Gordon Henderson,4909.83
Gordon_Marsden,25,Gordon Marsden,3020.79
Graeme_Morrice,26.9,Graeme Morrice,11276.86
Graham_Allen,84.6,Graham Allen,9858.63
Graham_Brady,28.8,Graham Brady,7330.33
Graham_Evans,17.3,Graham Evans,11738.49
Graham_Jones,25,Graham Jones,9745.07
Graham_Stringer,32.7,Graham Stringer,6776.83
Graham_Stuart,30.8,Graham Stuart,13235.88
Grahame_Morris,23.1,Grahame Morris,14040.09
Grant_Shapps,21.2,Grant Shapps,6130.09
Greg_Clark,19.2,Greg Clark,8111.63
Greg_Hands,17.3,Greg Hands,2447.73
Greg_Knight,26.9,Greg Knight,1723.5
Greg_Mulholland,21.2,Greg Mulholland,1265.2
Gregg_McClymont,32.7,Gregg McClymont,15552.49
Gregory_Barker,25,Gregory Barker,3153.35
Gregory_Campbell,71.2,Gregory Campbell,1773.29
Guto_Bebb,38.5,Guto Bebb,8799.62
Guy_Opperman,13.5,Guy Opperman,4044.42
Harriet_Harman,50,Harriet Harman,5163.11
Harriett_Baldwin,7.7,Harriett Baldwin,7194.61
Hazel_Blears,44.2,Hazel Blears,5880.68
Heather_Wheeler,3.8,Heather Wheeler,7449.46
Heidi_Alexander,26.9,Heidi Alexander,1933.83
Helen_Goodman,26.9,Helen Goodman,15380.59
Helen_Grant,19.2,Helen Grant,5502.03
Helen_Jones,25,Helen Jones,10610.49
Henry_Bellingham,34.6,Henry Bellingham,385.41
Henry_Smith,9.6,Henry Smith,2897.84
Hilary_Benn,21.2,Hilary Benn,6311.44
Hugh_Bayley,34.6,Hugh Bayley,8276.86
Hugh_Robertson,28.8,Hugh Robertson,5012.97
Hugo_Swire,42.3,Hugo Swire,2422.65
Huw_Irranca-Davies,28.8,Huw Irranca-Davies,1570.04
Hywel_Francis,28.8,Hywel Francis,7909.2
Hywel_Williams,11.5,Hywel Williams,8120.58
Iain_Duncan_Smith,38.5,Iain Duncan Smith,622.31
Iain_Stewart,5.8,Iain Stewart,2688.15
Iain_Wright,32.7,Iain Wright,2271.87
Ian_Austin,23.1,Ian Austin,9205.49
Ian_Davidson,19.2,Ian Davidson,5242.61
Ian_Lavery,28.8,Ian Lavery,5282.07
Ian_Liddell-Grainger,19.2,Ian Liddell-Grainger,4580.55
Ian_Lucas,23.1,Ian Lucas,4999.26
Ian_Mearns,50,Ian Mearns,16755.51
Ian_Murray,21.2,Ian Murray,10939.87
Ian_Paisley_Jnr,73.1,Ian Paisley Junior,1790.67
Ian_Swales,13.5,Ian Swales,9537.66
Ivan_Lewis,32.7,Ivan Lewis,11136.07
Jack_Dromey,30.8,Jack Dromey,9617.56
Jack_Lopresti,15.4,Jack Lopresti,8116.14
Jack_Straw,38.5,Jack Straw,5031.52
Jackie_Doyle-Price,3.8,Jackie Doyle-Price,4710.79
Jacob_Rees-Mogg,11.5,Jacob Rees-Mogg,3750.4
Jake_Berry,5.8,Jake Berry,1960.81
James_Arbuthnot,23.1,James Arbuthnot,734.23
James_Brokenshire,26.9,James Brokenshire,278.92
James_Duddridge,7.7,James Duddridge,7009.75
James_Gray,15.4,James Gray,6494.13
James_Morris,5.8,James Morris,1730.31
James_Paice,38.5,James Paice,6926.27
James_Wharton,5.8,James Wharton,5934.09
Jamie_Reed,40.4,Jamie Reed,5212.46
Jason_McCartney,21.2,Jason McCartney,3089.75
Jeffrey_M_Donaldson,50,Jeffrey Donaldson,7932.79
Jenny_Chapman,32.7,Jenny Chapman,12061.77
Jennifer_Willott,23.1,Jenny Willott,10122.84
Jeremy_Browne,36.5,Jeremy Browne,3897.31
Jeremy_Corbyn,28.8,Jeremy Corbyn,754.57
Jeremy_Hunt,36.5,Jeremy Hunt,688.88
Jeremy_Lefroy,5.8,Jeremy Lefroy,4974.5
Jeremy_Wright,19.2,Jeremy Wright,10734.2
Jesse_Norman,34.6,Jesse Norman,7145.79
Jessica_Lee,7.7,Jessica Lee,5702.01
Jessica_Morden,25,Jessica Morden,7015.18
Jim_Cunningham,26.9,Jim Cunningham,5485.3
Jim_Dobbin,40.4,Jim Dobbin,4540.66
Jim_Dowd,28.8,Jim Dowd,5831.55
Jim_Fitzpatrick,21.2,Jim Fitzpatrick,792.54
,,Jim Hood,11126.59
Jim_McGovern,48.1,Jim McGovern,17291.29
Jim_Murphy,38.5,Jim Murphy,17507.89
Jim_Shannon,30.8,Jim Shannon,3266.55
Jim_Sheridan,30.8,Jim Sheridan,12191.72
Jo_Johnson,9.6,Jo Johnson,1239.64
Jo_Swinson,15.4,Jo Swinson,7152.06
Joan_Ruddock,40.4,Joan Ruddock,4541.66
Joan_Walley,26.9,Joan Walley,7865.42
Joe_Benton,30.8,Joe Benton,3153.54
John_Baron,36.5,John Baron,2821.02
John_Bercow,100,John Bercow,398.94
John_Cryer,23.1,John Cryer,5250
John_Denham,26.9,John Denham,10178.69
John_Glen,26.9,John Glen,9114.4
John_Hayes,19.2,John Hayes,4818.98
John_Healey,26.9,John Healey,16805.7
John_Hemming,13.5,John Hemming,6166.25
John_Howell,5.8,John Howell,3792.26
John_Leech,36.5,John Leech,1116.05
John_Mann,32.7,John Mann,6511.06
John_McDonnell,30.8,John McDonnell,2786.3
John_Penrose,15.4,John Penrose,2510.11
John_Pugh,15.4,John Pugh,8267.08
John_Redwood,34.6,John Redwood,2334.24
John_Robertson,61.5,John Robertson,14851.53
John_Spellar,21.2,John Spellar,2399.08
John_Stanley,53.8,John Stanley,4623.58
John_Stevenson,11.5,John Stevenson,8171.81
John_Thurso,19.2,John Thurso,16081.23
John_Whittingdale,25,John Whittingdale,2560.88
John_Woodcock,25,John Woodcock,8355.87
Jon_Trickett,32.7,Jon Trickett,5382.21
Jonathan_Djanogly,9.6,Jonathan Djanogly,5008.42
Jonathan_Edwards,28.8,Jonathan Edwards,3439.47
Jonathan_Evans,5.8,Jonathan Evans,1534.23
Jonathan_Lord,13.5,Jonathan Lord,299.78
Jonathan_Reynolds,34.6,Jonathan Reynolds,5749.41
Julian_Brazier,13.5,Julian Brazier,6677.65
Julian_Huppert,5.8,Julian Huppert,10365.25
Julian_Lewis,30.8,Julian Lewis,4404.39
Julian_Smith,3.8,Julian Smith,1910.74
Julian_Sturdy,15.4,Julian Sturdy,6016.9
Julie_Elliott,25,Julie Elliott,5291.2
Julie_Hilling,32.7,Julie Hilling,8517.27
Justin_Tomlinson,3.8,Justin Tomlinson,2069.89
Justine_Greening,7.7,Justine Greening,2459.1
Karen_Bradley,3.8,Karen Bradley,6998.51
Karen_Buck,28.8,Karen Buck,5558.51
Karen_Lumley,7.7,Karen Lumley,4145.16
Karl_McCartney,9.6,Karl McCartney,9823.49
Karl_Turner,26.9,Karl Turner,8205.6
Kate_Green,19.2,Kate Green,6107.65
Kate_Hoey,46.2,Kate Hoey,266.4
Katy_Clark,21.2,Katy Clark,2976.01
Keith_Simpson,26.9,Keith Simpson,3605.91
Keith_Vaz,42.3,Keith Vaz,10577.53
Kelvin_Hopkins,25,Kelvin Hopkins,758.66
Kenneth_Clarke,17.3,Ken Clarke,3151.5
Kerry_McCarthy,19.2,Kerry McCarthy,7774.61
Kevan_Jones,26.9,Kevan Jones,10726.31
Kevin_Barron,28.8,Kevin Barron,5522.89
Kevin_Brennan,26.9,Kevin Brennan,7510.68
Khalid_Mahmood,48.1,Khalid Mahmood,6866.94
Kris_Hopkins,11.5,Kris Hopkins,7181.4
Kwasi_Kwarteng,19.2,Kwasi Kwarteng,897.45
Laurence_Robertson,19.2,Laurence Robertson,5763.96
Lee_Scott,7.7,Lee Scott,1067.21
Liam_Byrne,44.2,Liam Byrne,8305.68
Liam_Fox,42.3,Liam Fox,3236.5
Lilian_Greenwood,28.8,Lilian Greenwood,10098.89
Linda_Riordan,38.5,Linda Riordan,4207.25
Lindsay_Hoyle,100,Lindsay Hoyle,975.8
Lindsay_Roy,19.2,Lindsay Roy,10908.55
Lisa_Nandy,50,Lisa Nandy,10972.73
Liz_Kendall,26.9,Liz Kendall,9939.69
Lorely_Burt,25,Lorely Burt,7924.27
Lorraine_Fullbrook,7.7,Lorraine Fullbrook,8409.88
Louise_Bagshawe,36.5,Louise Bagshawe,6194.11
Louise_Ellman,36.5,Louise Ellman,6046.98999999999
Luciana_Berger,25,Luciana Berger,10361.67
Lyn_Brown,44.2,Lyn Brown,2459.4
Lynne_Featherstone,5.8,Lynne Featherstone,2582.76
Madeleine_Moon,57.7,Madeleine Moon,6730.18
Malcolm_Bruce,19.2,Malcolm Bruce,13302.09
Malcolm_Rifkind,23.1,Malcolm Rifkind,1388.67
Malcolm_Wicks,23.1,Malcolm Wicks,4593.78
Marcus_Jones,5.8,Marcus Jones,9014.67
Margaret_Beckett,32.7,Margaret Beckett,2519.87
Margaret_Curran,38.5,Margaret Curran,12102.52
Margaret_Hodge,42.3,Margaret Hodge,6110.7
Margaret_Ritchie,73.1,Margaret Ritchie,7497.41
Margot_James,17.3,Margot James,2452.04
Maria_Eagle,36.5,Maria Eagle,5533.61
Maria_Miller,13.5,Maria Miller,1230.27
Mark_Durkan,40.4,Mark Durkan,4361.32
Mark_Field,21.2,Mark Field,1315.99
Mark_Francois,15.4,Mark Francois,412.06
Mark_Garnier,32.7,Mark Garnier,11825.57
Mark_Harper,7.7,Mark Harper,1420
Mark_Hendrick,38.5,Mark Hendrick,16245.59
Mark_Hoban,15.4,Mark Hoban,3083.44
Mark_Hunter,21.2,Mark Hunter,9133.79
Mark_Lancaster,9.6,Mark Lancaster,4673.85
Mark_Lazarowicz,28.8,Mark Lazarowicz,5932.01
Mark_Menzies,7.7,Mark Menzies,10136.8
Mark_Pawsey,13.5,Mark Pawsey,10686.06
Mark_Prisk,36.5,Mark Prisk,5973.78
Mark_Pritchard,11.5,Mark Pritchard,11152.01
Mark_Reckless,15.4,Mark Reckless,3736.72
Mark_Simmonds,5.8,Mark Simmonds,6062.58
Mark_Spencer,13.5,Mark Spencer,4830.84
Mark_Tami,21.2,Mark Tami,8606.77
Mark_Williams,44.2,Mark Williams,5551.85
Marsha_Singh,59.6,Marsha Singh,4631.45
Martin_Caton,42.3,Martin Caton,3497.5
Martin_Horwood,21.2,Martin Horwood,7758.5
Martin_Vickers,11.5,Martin Vickers,4877.28
Mary_Creagh,36.5,Mary Creagh,9769.21
Mary_Glindon,26.9,Mary Glindon,7997.44
Mary_Macleod,23.1,Mary MacLeod,2724.09
Matthew_Hancock,3.8,Matthew Hancock,6734.66
Matthew_Offord,23.1,Matthew Offord,8432.84
Meg_Hillier,23.1,Meg Hillier,3269.27
Meg_Munn,34.6,Meg Munn,11820.01
Mel_Stride,7.7,Mel Stride,2950.41
Menzies_Campbell,7.7,Menzies Campbell,10005.63
Michael_Connarty,36.5,Michael Connarty,15714
Michael_Dugher,36.5,Michael Dugher,6010.81
Michael_Ellis,3.8,Michael Ellis,3388.73
Michael_Fabricant,9.6,Michael Fabricant,5545.38
Michael_Fallon,34.6,Michael Fallon,3609.42
Michael_Gove,28.8,Michael Gove,925.24
Michael_McCann,30.8,Michael McCann,17704.02
Michael_Meacher,59.6,Michael Meacher,5143.53
Michael_Moore,15.4,Michael Moore,11892.03
,,Mike Crockart,18318.6
Mike_Freer,5.8,Mike Freer,3041.62
Mike_Gapes,46.2,Mike Gapes,5265.25
Mike_Hancock,23.1,Mike Hancock,3511.66
,,Mike Penning,7460.87
Mike_Weatherley,1.9,Mike Weatherley,5003.63
Michael_Weir,34.6,Mike Weir,11597.37
Mike_Wood,55.8,Mike Wood,2847.19
Nadhim_Zahawi,5.8,Nadhim Zahawi,13238.35
Nadine_Dorries,15.4,Nadine Dorries,13801.91
Naomi_Long,28.8,Naomi Long,5064.41
Natascha_Engel,38.5,Natascha Engel,11531.74
Neil_Carmichael,30.8,Neil Carmichael,5846.84
Neil_Parish,13.5,Neil Parish,6854.86
Nia_Griffith,23.1,Nia Griffith,6550.96
Nick_Brown,25,Nicholas Brown,3570.37
Nicholas_Soames,21.2,Nicholas Soames,3055.4
Nicholas_Boles,3.8,Nick Boles,3092.9
Nicholas_Clegg,71.2,Nick Clegg,6679.55
Nicholas_Dakin,46.2,Nick Dakin,4416.77
Nick_de_Bois,5.8,Nick de Bois,8769.58
Nick_Gibb,5.8,Nick Gibb,7016.92
Nick_Harvey,28.8,Nick Harvey,10685.66
Nick_Hurd,30.8,Nick Hurd,2083.36
Nick_Raynsford,23.1,Nick Raynsford,4762.12
Nick_Smith,26.9,Nick Smith,10440.82
Nicky_Morgan,5.8,Nicky Morgan,10192.86
Nicola_Blackwood,13.5,Nicola Blackwood,3441.09
Nigel_Adams,13.5,Nigel Adams,5070.11
Nigel_Dodds,34.6,Nigel Dodds,3786
Nigel_Evans,100,Nigel Evans,6554.94
Nigel_Mills,7.7,Nigel Mills,4323.57
Norman_Baker,11.5,Norman Baker,6834.59
Norman_Lamb,17.3,Norman Lamb,5668.91
Oliver_Colvile,13.5,Oliver Colvile,7583.01
Oliver_Heald,7.7,Oliver Heald,3723.83
Oliver_Letwin,30.8,Oliver Letwin,828.65
Owen_Paterson,30.8,Owen Paterson,3944.64
Owen_Smith,28.8,Owen Smith,10389.13
Pamela_Nash,36.5,Pamela Nash,13279.85
Pat_Glass,46.2,Pat Glass,15042.64
Pat_McFadden,26.9,Pat McFadden,5043.57
Patrick_McLoughlin,15.4,Patrick McLoughlin,7698.93
Patrick_Mercer,17.3,Patrick Mercer,6311.68
Paul_Beresford,13.5,Paul Beresford,1083.85
Paul_Blomfield,25,Paul Blomfield,9106.58
Paul_Burstow,7.7,Paul Burstow,3254.73
Paul_Farrelly,36.5,Paul Farrelly,12962.93
Paul_Flynn,44.2,Paul Flynn,4414.21
Paul_Goggins,25,Paul Goggins,7040.91
Paul_Maynard,19.2,Paul Maynard,12005.13
Paul_Murphy,26.9,Paul Murphy,5115.21
Paul_Uppal,3.8,Paul Uppal,4846.82
Pauline_Latham,21.2,Pauline Latham,7789.43
Penny_Mordaunt,38.5,Penny Mordaunt,8164.5
Pete_Wishart,38.5,Pete Wishart,15719.04
Peter_Aldous,15.4,Peter Aldous,7854.4
Peter_Bone,7.7,Peter Bone,9574.33000000001
Peter_Hain,30.8,Peter Hain,11085.56
Peter_Lilley,15.4,Peter Lilley,3211.97
Peter_Luff,36.5,Peter Luff,5640.74
,,Peter Soulsby,7576.47
Peter_Tapsell,51.9,Peter Tapsell,7938.87
Phil_Wilson,19.2,Phil Wilson,16250.29
Philip_Davies,25,Philip Davies,6137.69
Philip_Dunne,7.7,Philip Dunne,4928.29
Philip_Hammond,13.5,Philip Hammond,12085.7
Philip_Hollobone,1.9,Philip Hollobone,1609.3
Phillip_Lee,3.8,Philip Lee,7121.3
Priti_Patel,25,Priti Patel,2453.28
Rachel_Reeves,25,Rachel Reeves,9791.5
Rebecca_Harris,1.9,Rebecca Harris,2827.85
Rehman_Chishti,9.6,Rehman Chishti,2340.69
Richard_Bacon,9.6,Richard Bacon,3828.72
Richard_Benyon,9.6,Richard Benyon,3311.89
Richard_Burden,25,Richard Burden,8640.15
Richard_Drax,34.6,Richard Drax,778.42
Richard_Fuller,25,Richard Fuller,5296.87
Richard_Graham,13.5,Richard Graham,5086.93
Richard_Harrington,5.8,Richard Harrington,8872.76
Richard_Ottaway,30.8,Richard Ottaway,4600.28
Richard_Shepherd,36.5,Richard Shepherd,2642.2
Rob_Wilson,3.8,Rob Wilson,3399.87
Robert_Buckland,3.8,Robert Buckland,5190.12
Robert_Flello,23.1,Robert Flello,9219.97
Robert_Goodwill,7.7,Robert Goodwill,8488.51999999999
Robert_Halfon,7.7,Robert Halfon,3365.01
Robert_Smith,48.1,Robert Smith,16758.13
Robert_Syms,5.8,Robert Syms,5768.93
Robert_Walter,19.2,Robert Walter,1652.8
Roberta_Blackman-Woods,23.1,Roberta Blackman-Woods,16244.17
Robin_Walker,7.7,Robin Walker,4083.34
Roger_Gale,44.2,Roger Gale,9023.45
Roger_Godsiff,88.5,Roger Godsiff,3032.92
Roger_Williams,17.3,Roger Williams,8554.95
Ronnie_Campbell,28.8,Ronnie Campbell,9548.09
Rory_Stewart,30.8,Rory Stewart,3340.74
Rosie_Cooper,26.9,Rosie Cooper,8999.22
Rosie_Winterton,30.8,Rosie Winterton,4573.45
Rushanara_Ali,23.1,Rushanara Ali,834.74
Russell_Brown,38.5,Russell Brown,12635.15
Sadiq_Khan,36.5,Sadiq Khan,1862.23
Sajid_Javid,9.6,Sajid Javid,2599
Sam_Gyimah,7.7,Sam Gyimah,793.34
Sammy_Wilson,73.1,Sammy Wilson,2630.46
Sandra_Osborne,55.8,Sandra Osborne,8933.28
Sarah_Newton,9.6,Sarah Newton,174.24
Sarah_Teather,23.1,Sarah Teather,4611.06
Sarah_Wollaston,15.4,Sarah Wollaston,8548.27
Shabana_Mahmood,30.8,Shabana Mahmood,6222.16
Shailesh_Vara,3.8,Shailesh Vara,4421.79
Sharon_Hodgson,19.2,Sharon Hodgson,13315.29
Shaun_Woodward,53.8,Shaun Woodward,21357.11
Sheila_Gilmore,21.2,Sheila Gilmore,9605.12
Sheryll_Murray,15.4,Sheryll Murray,7896.47999999999
Si%26acirc%3Bn_James,44.2,Si√¢n James,14303.7
Simon_Burns,7.7,Simon Burns,1886.08
Simon_Danczuk,42.3,Simon Danczuk,4973.32
Simon_Hart,5.8,Simon Hart,14920.53
Simon_Hughes,23.1,Simon Hughes,6424.78
Simon_Kirby,3.8,Simon Kirby,7088.99
Simon_Reevell,32.7,Simon Reevell,7590.45
Simon_Wright,15.4,Simon Wright,2176.17
Siobhain_McDonagh,40.4,Siobhain McDonagh,2673.21
Stella_Creasy,23.1,Stella Creasy,1512.32
Stephen_Barclay,3.8,Stephen Barclay,10256.86
Stephen_Crabb,5.8,Stephen Crabb,10718.32
Stephen_Dorrell,17.3,Stephen Dorrell,4673.54
Stephen_Gilbert,5.8,Stephen Gilbert,4133.05
Stephen_Hammond,7.7,Stephen Hammond,1763.33
Stephen_Hepburn,23.1,Stephen Hepburn,8131.01
Stephen_Lloyd,15.4,Stephen Lloyd,13539.95
Stephen_McCabe,19.2,Stephen McCabe,7668.23
Stephen_McPartland,28.8,Stephen McPartland,3346.91
Stephen_Metcalfe,11.5,Stephen Metcalfe,4336.44
Stephen_Mosley,15.4,Stephen Mosley,6014.49
Stephen_O%26%2339%3BBrien,42.3,Stephen O'Brien,3191.64
Stephen_Phillips,3.8,Stephen Phillips,2161.85
Stephen_Pound,40.4,Stephen Pound,1221.27
Stephen_Timms,26.9,Stephen Timms,2172.47
Stephen_Twigg,26.9,Stephen Twigg,4382.67
Stephen_Williams,9.6,Stephen Williams,5913.25
Steve_Brine,15.4,Steve Brine,7271.5
Steve_Rotheram,19.2,Steve Rotheram,10267.35
Steve_Webb,19.2,Steve Webb,12248.66
Steven_Baker,23.1,Steve Baker,2343.49
Stewart_Hosie,34.6,Stewart Hosie,15002.58
Stewart_Jackson,7.7,Stewart Jackson,6690.65
Stuart_Andrew,15.4,Stuart Andrew,10952
Stuart_Bell,65.4,Stuart Bell,7542.76
Susan_Elan_Jones,25,Susan Jones,5741.59
Teresa_Pearce,25,Teresa Pearce,3478.57
Tessa_Jowell,40.4,Tessa Jowell,1851.06
Tessa_Munt,21.2,Tessa Munt,6951.38
Theresa_May,32.7,Theresa May,553.12
Theresa_Villiers,11.5,Theresa Villiers,4445.21
Therese_Coffey,5.8,Therese Coffey,3523.46
Thomas_Docherty,28.8,Thomas Docherty,11040.91
Tim_Farron,32.7,Tim Farron,6952.29
Tim_Loughton,9.6,Tim Loughton,11319.78
Tim_Yeo,30.8,Tim Yeo,3175.52
Tobias_Ellwood,28.8,Tobias Ellwood,3089.32
Toby_Perkins,42.3,Toby Perkins,6990.99
Tom_Blenkinsop,26.9,Tom Blenkinsop,5981.49
Tom_Brake,13.5,Tom Brake,5805.48
Tom_Clarke,34.6,Tom Clarke,7109.88999999999
Tom_Greatrex,50,Tom Greatrex,22188.68
Tom_Harris,32.7,Tom Harris,14863.99
Tom_Watson,36.5,Tom Watson,13859.14
Tony_Baldry,13.5,Tony Baldry,3131.17
Tony_Cunningham,21.2,Tony Cunningham,8766.29999999999
Tony_Lloyd,25,Tony Lloyd,7380.37
Tracey_Crouch,5.8,Tracey Crouch,2068.64
Tristram_Hunt,25,Tristram Hunt,6297.63
Valerie_Vaz,19.2,Valerie Vaz,8670.16999999999
Vernon_Coaker,21.2,Vernon Coaker,4928.98
Vincent_Cable,42.3,Vincent Cable,1146.82
Virendra_Sharma,59.6,Virendra Sharma,994.4
Wayne_David,21.2,Wayne David,8522.71
William_Hague,57.7,William Hague,3224.9
William_McCrea,44.2,William McCrea,9750.81
William_Bain,21.2,Willie Bain,11046.21
Yasmin_Qureshi,32.7,Yasmin Qureshi,11770.04
Yvette_Cooper,28.8,Yvette Cooper,5669.41
Yvonne_Fovargue,23.1,Yvonne Fovargue,16886.98
Zac_Goldsmith,19.2,,